,index,graph_name,num_vertices,num_edges,pr_struct_size,category
0,0,brunson_southern-women,10,14,464.0B,Interaction network
1,1,brunson_south-africa,11,13,472.0B,Affiliation network
2,2,edit-krwikiquote,39,37,1.49KB,Authorship network
3,3,opsahl-southernwomen,32,89,2.14KB,Interaction network
4,4,brunson_club-membership,40,95,2.42KB,Affiliation network
5,5,edit-angwikisource,59,68,2.45KB,Authorship network
6,6,edit-gnwikibooks,68,62,2.56KB,Authorship network
7,7,brunson_corporate-leadership,44,99,2.58KB,Affiliation network
8,8,edit-rmwikibooks,70,67,2.69KB,Authorship network
9,9,edit-kswikiquote,77,70,2.9KB,Authorship network
10,10,edit-bmwikibooks,79,75,3.02KB,Authorship network
11,11,edit-biwikibooks,78,79,3.06KB,Authorship network
12,12,edit-bmwikiquote,84,77,3.17KB,Authorship network
13,13,edit-mhwiktionary,83,92,3.38KB,Authorship network
14,14,edit-rnwiktionary,89,88,3.46KB,Authorship network
15,15,edit-tkwikiquote,93,95,3.66KB,Authorship network
16,16,edit-chwikibooks,84,112,3.72KB,Authorship network
17,17,edit-ugwikiquote,93,100,3.74KB,Authorship network
18,18,edit-kswikibooks,89,110,3.8KB,Authorship network
19,19,edit-chwiktionary,103,98,3.95KB,Authorship network
20,20,edit-avwiktionary,107,100,4.07KB,Authorship network
21,21,edit-gotwikibooks,90,127,4.09KB,Authorship network
22,22,edit-nahwikibooks,97,122,4.18KB,Authorship network
23,23,edit-aswikibooks,102,116,4.2KB,Authorship network
24,24,edit-ttwikiquote,93,130,4.21KB,Authorship network
25,25,edit-mywikibooks,98,123,4.22KB,Authorship network
26,26,edit-akwiktionary,119,100,4.35KB,Authorship network
27,27,edit-crwiktionary,106,124,4.42KB,Authorship network
28,28,edit-quwikibooks,100,134,4.44KB,Authorship network
29,29,edit-vowikiquote,100,139,4.52KB,Authorship network
30,30,edit-alswikiquote,111,124,4.54KB,Authorship network
31,31,edit-aawikibooks,115,119,4.55KB,Authorship network
32,32,edit-miwikibooks,94,155,4.62KB,Authorship network
33,33,edit-bowikibooks,105,142,4.68KB,Authorship network
34,34,edit-sewikibooks,110,141,4.78KB,Authorship network
35,35,edit-ugwikibooks,107,150,4.85KB,Authorship network
36,36,edit-gawikiquote,112,157,5.08KB,Authorship network
37,37,edit-akwikibooks,121,164,5.4KB,Authorship network
38,38,edit-guwikibooks,115,182,5.54KB,Authorship network
39,39,edit-bmwiktionary,119,179,5.59KB,Authorship network
40,40,edit-xhwiktionary,141,147,5.6KB,Authorship network
41,41,edit-lnwikibooks,114,195,5.72KB,Authorship network
42,42,edit-rmwiktionary,142,156,5.77KB,Authorship network
43,43,brunson_revolution,141,160,5.8KB,Affiliation network
44,44,edit-aawiktionary,139,171,5.93KB,Authorship network
45,45,edit-yowikibooks,147,193,6.46KB,Authorship network
46,46,edit-scwiktionary,123,240,6.63KB,Authorship network
47,47,edit-wawikibooks,171,187,6.93KB,Authorship network
48,48,edit-xhwikibooks,167,202,7.07KB,Authorship network
49,49,edit-kkwikiquote,176,200,7.25KB,Authorship network
50,50,edit-muswiki,163,221,7.27KB,Authorship network
51,51,edit-lbwikibooks,175,208,7.35KB,Authorship network
52,52,edit-bowiktionary,195,204,7.76KB,Authorship network
53,53,edit-zawikibooks,190,233,8.09KB,Authorship network
54,54,edit-pswikibooks,174,257,8.09KB,Authorship network
55,55,edit-kjwiki,160,296,8.38KB,Authorship network
56,56,edit-htwikisource,153,315,8.51KB,Authorship network
57,57,edit-knwikibooks,204,278,9.12KB,Authorship network
58,58,edit-yowiktionary,237,254,9.52KB,Authorship network
59,59,edit-biwiktionary,244,245,9.55KB,Authorship network
60,60,edit-howiki,181,345,9.63KB,Authorship network
61,61,edit-towiktionary,248,248,9.69KB,Authorship network
62,62,edit-ndswikibooks,244,286,10.19KB,Authorship network
63,63,edit-twwiktionary,260,273,10.36KB,Authorship network
64,64,edit-dzwiktionary,260,274,10.38KB,Authorship network
65,65,edit-bhwiktionary,268,289,10.8KB,Authorship network
66,66,edit-swwikibooks,264,297,10.83KB,Authorship network
67,67,edit-snwiktionary,270,295,10.94KB,Authorship network
68,68,edit-cowikiquote,270,315,11.25KB,Authorship network
69,69,edit-alswikibooks,270,323,11.38KB,Authorship network
70,70,edit-aswiktionary,300,310,11.88KB,Authorship network
71,71,edit-zuwikibooks,271,356,11.91KB,Authorship network
72,72,edit-mowiktionary,271,359,11.96KB,Authorship network
73,73,edit-mnwikibooks,253,388,11.99KB,Authorship network
74,74,edit-krwiki,221,456,12.3KB,Authorship network
75,75,edit-abwiktionary,289,383,12.76KB,Authorship network
76,76,edit-hzwiki,245,457,12.88KB,Authorship network
77,77,edit-tkwikibooks,307,373,13.02KB,Authorship network
78,78,edit-nawikibooks,300,414,13.5KB,Authorship network
79,79,edit-chowiki,278,540,14.95KB,Authorship network
80,80,edit-dinwiki,197,690,15.4KB,Authorship network
81,81,edit-astwikibooks,362,447,15.47KB,Authorship network
82,82,edit-iiwiki,251,616,15.51KB,Authorship network
83,83,edit-cowikibooks,329,500,15.52KB,Authorship network
84,84,edit-vowikibooks,394,499,17.03KB,Authorship network
85,85,edit-mhwiki,307,662,17.54KB,Authorship network
86,86,edit-suwikibooks,433,525,18.35KB,Authorship network
87,87,edit-astwikiquote,394,637,19.19KB,Authorship network
88,88,edit-lbwikiquote,423,667,20.34KB,Authorship network
89,89,edit-uzwikibooks,500,565,20.55KB,Authorship network
90,90,edit-lvwikibooks,420,774,21.94KB,Authorship network
91,91,edit-amwikiquote,555,630,22.85KB,Authorship network
92,92,edit-zh_min_nanwikibooks,520,750,23.91KB,Authorship network
93,93,edit-mgwikibooks,609,788,26.59KB,Authorship network
94,94,edit-zh_min_nanwikiquote,550,938,27.55KB,Authorship network
95,95,edit-kywikiquote,611,864,27.82KB,Authorship network
96,96,edit-wowikiquote,654,841,28.47KB,Authorship network
97,97,edit-kywikibooks,647,905,29.3KB,Authorship network
98,98,edit-fowikisource,691,991,31.68KB,Authorship network
99,99,edit-iewikibooks,705,1117,33.98KB,Authorship network
100,100,edit-aawiki,689,1189,34.73KB,Authorship network
101,101,edit-angwikiquote,625,1303,35.01KB,Authorship network
102,102,edit-uzwikiquote,704,1221,35.58KB,Authorship network
103,103,edit-fywikibooks,739,1173,35.65KB,Authorship network
104,104,edit-cywikibooks,781,1170,36.59KB,Authorship network
105,105,edit-kuwikibooks,707,1350,37.66KB,Authorship network
106,106,edit-pawikibooks,824,1278,39.28KB,Authorship network
107,107,unicodelang,868,1255,39.95KB,Feature network
108,108,edit-zawiktionary,682,1607,41.09KB,Authorship network
109,109,edit-tgwikibooks,960,1308,42.94KB,Authorship network
110,110,edit-iawikibooks,885,1494,44.09KB,Authorship network
111,111,edit-cvwikibooks,914,1498,44.83KB,Authorship network
112,112,edit-ngwiki,663,1897,45.18KB,Authorship network
113,113,edit-afwikibooks,971,1487,45.99KB,Authorship network
114,114,edit-ikwiktionary,741,1873,46.63KB,Authorship network
115,115,edit-ocwikibooks,875,1684,46.82KB,Authorship network
116,116,edit-tewikibooks,944,1646,47.84KB,Authorship network
117,117,edit-kswiktionary,888,1884,50.25KB,Authorship network
118,118,edit-alswiktionary,1271,1385,51.43KB,Authorship network
119,119,moreno_crime,1380,1476,55.41KB,Interaction network
120,120,edit-mrwikiquote,1041,2250,59.55KB,Authorship network
121,121,edit-kkwikibooks,1162,2101,60.06KB,Authorship network
122,122,edit-brwikiquote,906,2625,62.25KB,Authorship network
123,123,edit-tnwiktionary,882,2716,63.11KB,Authorship network
124,124,edit-hawiktionary,1017,2563,63.88KB,Authorship network
125,125,edit-bewikibooks,1160,2411,64.86KB,Authorship network
126,126,edit-liwikibooks,1229,2321,65.07KB,Authorship network
127,127,edit-sawikibooks,1493,1956,65.55KB,Authorship network
128,128,edit-mrwikibooks,1199,2457,66.49KB,Authorship network
129,129,edit-bswikibooks,1135,2572,66.79KB,Authorship network
130,130,edit-tswiktionary,1079,2756,68.35KB,Authorship network
131,131,edit-sgwiktionary,909,3094,69.65KB,Authorship network
132,132,edit-lawikibooks,1014,2950,69.86KB,Authorship network
133,133,edit-angwikibooks,1436,2480,72.41KB,Authorship network
134,134,edit-knwikiquote,1126,3075,74.44KB,Authorship network
135,135,edit-sqwikiquote,1200,3128,77.0KB,Authorship network
136,136,edit-tiwiktionary,1282,3148,79.23KB,Authorship network
137,137,edit-skwikisource,1403,3143,81.99KB,Authorship network
138,138,edit-ttwikibooks,1671,2861,83.87KB,Authorship network
139,139,edit-kmwikibooks,1189,3661,85.07KB,Authorship network
140,140,edit-urwikibooks,1584,3164,86.56KB,Authorship network
141,141,edit-thwikinews,1737,2960,86.96KB,Authorship network
142,142,edit-afwikiquote,1438,3450,87.61KB,Authorship network
143,143,edit-cywikisource,1511,3417,88.8KB,Authorship network
144,144,edit-cywikiquote,1557,3591,92.6KB,Authorship network
145,145,edit-tpiwiktionary,1057,4552,95.9KB,Authorship network
146,146,edit-suwikiquote,2184,3029,98.52KB,Authorship network
147,147,edit-bewikiquote,1658,4036,101.92KB,Authorship network
148,148,edit-dvwiktionary,1361,4497,102.16KB,Authorship network
149,149,edit-iuwiktionary,1152,4910,103.72KB,Authorship network
150,150,edit-euwikibooks,1197,4898,104.59KB,Authorship network
151,151,edit-kuwikiquote,1333,4929,108.26KB,Authorship network
152,152,edit-mkwikibooks,2155,3748,109.07KB,Authorship network
153,153,edit-sswiktionary,1540,4703,109.58KB,Authorship network
154,154,edit-etwikibooks,1447,4863,109.9KB,Authorship network
155,155,edit-lnwiktionary,1449,4895,110.45KB,Authorship network
156,156,edit-urwikiquote,2169,3995,113.26KB,Authorship network
157,157,edit-atjwiki,655,6306,113.88KB,Authorship network
158,158,edit-pawikisource,1113,5660,114.52KB,Authorship network
159,159,edit-sdwikinews,2208,4069,115.33KB,Authorship network
160,160,edit-euwikiquote,1380,5591,119.7KB,Authorship network
161,161,edit-suwiktionary,1499,5461,120.46KB,Authorship network
162,162,edit-hywikibooks,1956,4927,122.83KB,Authorship network
163,163,edit-adywiki,1254,6003,123.19KB,Authorship network
164,164,edit-omwiktionary,1124,6205,123.3KB,Authorship network
165,165,edit-ltwikisource,1983,4944,123.73KB,Authorship network
166,166,edit-iswikiquote,1490,5743,124.66KB,Authorship network
167,167,edit-lawikiquote,1681,5685,128.23KB,Authorship network
168,168,edit-sahwikisource,1832,5882,134.84KB,Authorship network
169,169,edit-mswikibooks,2102,5593,136.66KB,Authorship network
170,170,edit-rwwiktionary,1321,6776,136.84KB,Authorship network
171,171,edit-kwwiktionary,1245,6895,136.91KB,Authorship network
172,172,edit-quwiktionary,1689,6491,141.01KB,Authorship network
173,173,edit-tlwikibooks,2341,5767,144.98KB,Authorship network
174,174,edit-liwikiquote,2869,5040,145.99KB,Authorship network
175,175,edit-mowiki,1643,7181,150.71KB,Authorship network
176,176,edit-nawiktionary,1717,7094,151.09KB,Authorship network
177,177,edit-kswiki,2134,6470,151.11KB,Authorship network
178,178,edit-kbpwiki,1587,7350,152.04KB,Authorship network
179,179,edit-zuwiktionary,1624,7532,155.75KB,Authorship network
180,180,edit-zh_min_nanwikisource,3172,5221,155.92KB,Authorship network
181,181,edit-bgwikibooks,2271,6788,159.29KB,Authorship network
182,182,edit-aywiktionary,1958,7456,162.39KB,Authorship network
183,183,edit-etwikiquote,1822,7681,162.72KB,Authorship network
184,184,edit-gvwiktionary,1530,8287,165.34KB,Authorship network
185,185,edit-hiwikibooks,3189,5850,166.15KB,Authorship network
186,186,edit-gnwiktionary,2678,6691,167.31KB,Authorship network
187,187,edit-newikibooks,2504,7105,169.7KB,Authorship network
188,188,edit-siwikibooks,3427,5850,171.73KB,Authorship network
189,189,edit-jbowiktionary,1774,8417,173.09KB,Authorship network
190,190,edit-liwikisource,3437,6143,176.54KB,Authorship network
191,191,edit-sqwikinews,2511,7745,179.87KB,Authorship network
192,192,edit-roa_rupwiktionary,2137,8738,186.62KB,Authorship network
193,193,edit-srwikiquote,2277,8672,188.87KB,Authorship network
194,194,edit-slwikibooks,2250,8809,190.38KB,Authorship network
195,195,edit-iewiktionary,2379,8719,191.99KB,Authorship network
196,196,edit-miwiktionary,2262,8909,192.22KB,Authorship network
197,197,edit-bswikisource,3347,7625,197.59KB,Authorship network
198,198,edit-srwikibooks,3308,7700,197.84KB,Authorship network
199,199,edit-dawikiquote,2355,9143,198.05KB,Authorship network
200,200,edit-jawikiversity,2888,8599,202.05KB,Authorship network
201,201,edit-twwiki,2493,9208,202.3KB,Authorship network
202,202,edit-skwikibooks,2586,9256,205.23KB,Authorship network
203,203,edit-stwiktionary,2312,10000,210.44KB,Authorship network
204,204,edit-amwiktionary,1878,10969,215.41KB,Authorship network
205,205,edit-yiwiktionary,2848,9841,220.52KB,Authorship network
206,206,edit-vewiki,2134,11047,222.62KB,Authorship network
207,207,edit-tawikiquote,3097,9857,226.6KB,Authorship network
208,208,edit-tiwiki,2174,11472,230.2KB,Authorship network
209,209,edit-guwikiquote,2649,11364,239.65KB,Authorship network
210,210,edit-nywiki,2338,11930,241.2KB,Authorship network
211,211,edit-bgwikisource,3862,9712,242.27KB,Authorship network
212,212,edit-sgwiki,2105,12456,243.96KB,Authorship network
213,213,edit-akwiki,2872,11356,244.75KB,Authorship network
214,214,edit-kowikiversity,2481,11953,244.91KB,Authorship network
215,215,edit-siwiktionary,3016,11439,249.42KB,Authorship network
216,216,edit-rnwiki,2313,12547,250.26KB,Authorship network
217,217,edit-kiwiki,3382,11092,252.58KB,Authorship network
218,218,edit-fjwiki,2534,12382,252.86KB,Authorship network
219,219,edit-aswikisource,3912,10320,252.94KB,Authorship network
220,220,edit-tawikibooks,3873,10561,255.79KB,Authorship network
221,221,edit-simplewikibooks,3253,11524,256.3KB,Authorship network
222,222,edit-fowiktionary,2064,13575,260.48KB,Authorship network
223,223,edit-hiwikiquote,2838,12426,260.67KB,Authorship network
224,224,edit-tumwiki,2373,13205,261.95KB,Authorship network
225,225,edit-tewikiquote,3795,11174,263.54KB,Authorship network
226,226,edit-chwiki,2943,12452,263.54KB,Authorship network
227,227,edit-mlwikibooks,3955,11388,270.63KB,Authorship network
228,228,edit-glwikisource,3254,12453,270.84KB,Authorship network
229,229,edit-sowiktionary,3378,12339,271.97KB,Authorship network
230,230,edit-rowikiquote,3557,12781,283.07KB,Authorship network
231,231,edit-mtwiktionary,2853,13844,283.18KB,Authorship network
232,232,edit-idwikiquote,4414,11668,285.77KB,Authorship network
233,233,edit-mlwikiquote,3834,12574,286.33KB,Authorship network
234,234,edit-hrwikibooks,3771,12757,287.71KB,Authorship network
235,235,edit-glwikibooks,3466,13382,290.33KB,Authorship network
236,236,edit-ukwikivoyage,2003,15715,292.49KB,Authorship network
237,237,edit-nowikiquote,3369,13926,296.55KB,Authorship network
238,238,edit-stwiki,2689,14965,296.85KB,Authorship network
239,239,edit-ukwikibooks,3229,14277,298.76KB,Authorship network
240,240,edit-ffwiki,2330,15753,300.75KB,Authorship network
241,241,edit-eowikibooks,3672,13811,301.86KB,Authorship network
242,242,edit-ltwikibooks,3014,14799,301.88KB,Authorship network
243,243,edit-pawiktionary,4647,12370,302.2KB,Authorship network
244,244,edit-glwikiquote,3200,14807,306.36KB,Authorship network
245,245,edit-bnwikibooks,5688,11162,307.72KB,Authorship network
246,246,edit-rowikivoyage,2868,15603,311.02KB,Authorship network
247,247,edit-bgwikinews,4457,13336,312.84KB,Authorship network
248,248,edit-tnwiki,3345,15071,313.88KB,Authorship network
249,249,edit-kawikibooks,5267,12212,314.26KB,Authorship network
250,250,edit-nnwikiquote,4232,13767,314.3KB,Authorship network
251,251,edit-guwiktionary,4214,13905,316.03KB,Authorship network
252,252,edit-mrwiktionary,4337,14353,325.91KB,Authorship network
253,253,edit-klwiktionary,2597,17251,330.41KB,Authorship network
254,254,edit-chywiki,3229,16528,333.93KB,Authorship network
255,255,edit-dzwiki,2362,17931,335.53KB,Authorship network
256,256,edit-sawikiquote,4637,14598,336.77KB,Authorship network
257,257,edit-olowiki,3281,16801,339.41KB,Authorship network
258,258,edit-jamwiki,2922,17647,344.22KB,Authorship network
259,259,edit-yiwikisource,5501,13882,345.84KB,Authorship network
260,260,edit-iswikibooks,3571,17046,350.04KB,Authorship network
261,261,edit-lgwiki,4662,15425,350.28KB,Authorship network
262,262,edit-iswikisource,7109,12118,355.96KB,Authorship network
263,263,edit-svwikiversity,3417,18300,366.02KB,Authorship network
264,264,edit-elwikivoyage,2759,19378,367.45KB,Authorship network
265,265,edit-hsbwiktionary,5591,15161,367.93KB,Authorship network
266,266,edit-hrwikiquote,3762,17950,368.64KB,Authorship network
267,267,edit-nowikinews,4523,16900,370.07KB,Authorship network
268,268,edit-wowiktionary,3964,17778,370.69KB,Authorship network
269,269,edit-svwikiquote,4205,17517,372.26KB,Authorship network
270,270,edit-mkwikisource,6891,13801,377.15KB,Authorship network
271,271,edit-kowikinews,3508,19011,379.27KB,Authorship network
272,272,edit-tyvwiki,4156,18361,384.3KB,Authorship network
273,273,edit-dawikibooks,4567,17832,385.66KB,Authorship network
274,274,edit-omwiki,3582,19420,387.39KB,Authorship network
275,275,edit-kowikiquote,4197,18841,392.76KB,Authorship network
276,276,edit-thwikiquote,6970,14858,395.52KB,Authorship network
277,277,edit-rowikibooks,4740,18527,400.58KB,Authorship network
278,278,edit-xhwiki,3606,20309,401.84KB,Authorship network
279,279,edit-mrwikisource,7274,14859,402.66KB,Authorship network
280,280,edit-bswikinews,4540,18981,402.98KB,Authorship network
281,281,edit-azwikibooks,6596,15901,403.05KB,Authorship network
282,282,edit-vecwiktionary,3366,20858,404.8KB,Authorship network
283,283,edit-eowikiquote,4262,19798,409.23KB,Authorship network
284,284,edit-viwikiquote,3929,20595,413.88KB,Authorship network
285,285,edit-tswiki,2915,22812,424.76KB,Authorship network
286,286,edit-zawiki,3503,21987,425.65KB,Authorship network
287,287,edit-elwikiquote,4390,20779,427.56KB,Authorship network
288,288,edit-crwiki,3322,22700,432.55KB,Authorship network
289,289,edit-jawikiquote,5011,20595,439.24KB,Authorship network
290,290,edit-gdwiktionary,4377,21686,441.43KB,Authorship network
291,291,edit-sdwiktionary,5237,20835,448.29KB,Authorship network
292,292,edit-tkwiktionary,5810,20603,458.09KB,Authorship network
293,293,edit-urwiktionary,8456,16967,463.3KB,Authorship network
294,294,edit-hawiki,4286,23338,465.11KB,Authorship network
295,295,edit-cswikibooks,4918,22552,467.64KB,Authorship network
296,296,edit-kawikiquote,4140,23721,467.67KB,Authorship network
297,297,edit-elwikiversity,4714,23644,479.92KB,Authorship network
298,298,edit-hewikinews,4946,23441,482.19KB,Authorship network
299,299,edit-ugwiktionary,3826,25269,484.5KB,Authorship network
300,300,edit-ikwiki,2836,26843,485.89KB,Authorship network
301,301,edit-viwikivoyage,3973,25348,489.18KB,Authorship network
302,302,edit-dtywiki,5803,22875,493.43KB,Authorship network
303,303,edit-biwiki,3646,26344,497.08KB,Authorship network
304,304,edit-kowikibooks,6633,22016,499.46KB,Authorship network
305,305,edit-gotwiki,3939,26259,502.62KB,Authorship network
306,306,edit-slwikiversity,3447,27076,503.85KB,Authorship network
307,307,edit-sqwikibooks,7177,21709,507.41KB,Authorship network
308,308,edit-zuwiki,4531,26511,520.43KB,Authorship network
309,309,edit-sswiki,2752,29222,521.09KB,Authorship network
310,310,edit-smwiki,3364,28469,523.67KB,Authorship network
311,311,edit-ltgwiki,3158,28951,526.38KB,Authorship network
312,312,edit-csbwiktionary,2763,29959,532.87KB,Authorship network
313,313,edit-bmwiki,3040,29856,537.75KB,Authorship network
314,314,edit-pntwiki,2478,30942,541.55KB,Authorship network
315,315,edit-anwiktionary,6101,25735,545.1KB,Authorship network
316,316,wikilens-ratings,5437,26937,548.32KB,Rating network
317,317,edit-huwikinews,5541,27265,555.88KB,Authorship network
318,318,opsahl-ucforum,1421,33720,560.18KB,Interaction network
319,319,edit-slwikiquote,5297,27934,560.62KB,Authorship network
320,320,edit-chrwiki,4273,29664,563.65KB,Authorship network
321,321,edit-tcywiki,3884,30401,566.05KB,Authorship network
322,322,edit-trwikibooks,7395,25452,571.01KB,Authorship network
323,323,edit-simplewikiquote,6366,27042,571.73KB,Authorship network
324,324,edit-orwikisource,9102,23164,575.27KB,Authorship network
325,325,edit-nowikibooks,4821,29595,575.41KB,Authorship network
326,326,edit-pihwiki,3152,32283,578.3KB,Authorship network
327,327,edit-iawiktionary,7645,25707,580.85KB,Authorship network
328,328,edit-towiki,5581,29298,588.59KB,Authorship network
329,329,edit-fiwikiversity,4396,31157,589.86KB,Authorship network
330,330,edit-iuwiki,3586,32761,595.94KB,Authorship network
331,331,edit-rowikinews,7741,26566,596.52KB,Authorship network
332,332,edit-eowikisource,7681,26697,597.16KB,Authorship network
333,333,edit-elwikibooks,4953,30846,598.05KB,Authorship network
334,334,edit-eewiki,3343,33264,598.1KB,Authorship network
335,335,edit-pnbwiktionary,10310,23901,615.09KB,Authorship network
336,336,edit-srnwiki,3150,35199,623.81KB,Authorship network
337,337,edit-bewikisource,10087,25040,627.66KB,Authorship network
338,338,edit-kgwiki,3384,35497,633.95KB,Authorship network
339,339,edit-idwikisource,10063,25631,636.34KB,Authorship network
340,340,librec-filmtrust-ratings,3579,35494,638.48KB,Rating network
341,341,edit-svwikibooks,7094,30924,649.45KB,Authorship network
342,342,edit-rmywiki,3197,38114,670.46KB,Authorship network
343,343,edit-ukwikinews,6964,32800,675.72KB,Authorship network
344,344,edit-roa_rupwiki,4609,36438,677.37KB,Authorship network
345,345,edit-kaawiki,5469,36012,690.87KB,Authorship network
346,346,edit-fiwikivoyage,4216,38039,693.17KB,Authorship network
347,347,edit-huwikiquote,5720,37038,712.78KB,Authorship network
348,348,edit-viwikibooks,9144,32618,723.97KB,Authorship network
349,349,edit-tywiki,3404,42098,737.56KB,Authorship network
350,350,edit-nsowiki,9785,32788,741.65KB,Authorship network
351,351,edit-svwikinews,9105,34241,748.41KB,Authorship network
352,352,edit-newiktionary,7253,37048,748.87KB,Authorship network
353,353,edit-snwiki,9067,36007,775.12KB,Authorship network
354,354,edit-abwiki,6698,39606,775.83KB,Authorship network
355,355,edit-mkwiktionary,6388,40267,778.89KB,Authorship network
356,356,edit-azwikiquote,5046,42321,779.53KB,Authorship network
357,357,edit-kbdwiki,7157,39586,786.27KB,Authorship network
358,358,edit-bnwiktionary,10258,36040,803.55KB,Authorship network
359,359,edit-angwiktionary,4071,45925,812.99KB,Authorship network
360,360,edit-thwikibooks,12734,33220,817.52KB,Authorship network
361,361,edit-bewiktionary,7426,41935,829.28KB,Authorship network
362,362,edit-bxrwiki,8187,41140,834.7KB,Authorship network
363,363,edit-mdfwiki,5216,46607,850.48KB,Authorship network
364,364,edit-fiwikiquote,6780,45194,865.06KB,Authorship network
365,365,edit-trwikisource,12748,36566,870.12KB,Authorship network
366,366,edit-glkwiki,12825,36620,872.77KB,Authorship network
367,367,edit-lbewiki,11212,39548,880.72KB,Authorship network
368,368,edit-gawiktionary,6005,48361,896.38KB,Authorship network
369,369,edit-cbk_zamwiki,6230,48432,902.77KB,Authorship network
370,370,edit-nlwikiquote,6411,49046,916.6KB,Authorship network
371,371,edit-zhwikiquote,11164,41991,917.77KB,Authorship network
372,372,edit-koiwiki,7691,47771,926.68KB,Authorship network
373,373,edit-pagwiki,7853,47678,929.02KB,Authorship network
374,374,edit-fiwikinews,6866,49470,933.89KB,Authorship network
375,375,edit-lowiki,8990,46786,941.73KB,Authorship network
376,376,edit-tetwiki,4623,53419,943.02KB,Authorship network
377,377,edit-cawikibooks,8052,49287,958.83KB,Authorship network
378,378,edit-nahwiktionary,9196,47745,961.55KB,Authorship network
379,379,edit-bswikiquote,8557,48896,964.55KB,Authorship network
380,380,edit-nlwikinews,8000,50296,973.38KB,Authorship network
381,381,edit-igwiki,5978,53741,979.81KB,Authorship network
382,382,edit-pcdwiki,8580,50982,997.69KB,Authorship network
383,383,edit-ltwikiquote,6008,54892,998.5KB,Authorship network
384,384,edit-cswikinews,10943,47698,1001.76KB,Authorship network
385,385,edit-hrwikisource,14701,42896,1014.8KB,Authorship network
386,386,edit-gagwiki,6999,54855,1021.15KB,Authorship network
387,387,edit-tawikinews,14005,44804,1.0MB,Authorship network
388,388,edit-idwikibooks,13841,45536,1.01MB,Authorship network
389,389,edit-pflwiki,6754,57473,1.03MB,Authorship network
390,390,edit-plwikivoyage,7735,56019,1.03MB,Authorship network
391,391,edit-dawikisource,21230,36012,1.04MB,Authorship network
392,392,edit-rwwiki,5815,59837,1.05MB,Authorship network
393,393,edit-etwikisource,20902,37403,1.05MB,Authorship network
394,394,edit-klwiki,4880,61687,1.05MB,Authorship network
395,395,edit-papwiki,5341,61014,1.05MB,Authorship network
396,396,wang-amazon,26911,29062,1.06MB,Rating network
397,397,edit-azwikisource,16231,45841,1.07MB,Authorship network
398,398,edit-smwiktionary,8552,57815,1.08MB,Authorship network
399,399,edit-cuwiki,5516,63049,1.09MB,Authorship network
400,400,edit-vecwikisource,12202,53354,1.09MB,Authorship network
401,401,edit-srwikisource,17185,46213,1.1MB,Authorship network
402,402,edit-hawwiki,4784,65031,1.1MB,Authorship network
403,403,edit-avwiki,9589,57932,1.1MB,Authorship network
404,404,edit-bjnwiki,12801,53330,1.11MB,Authorship network
405,405,edit-viwikisource,18737,45947,1.13MB,Authorship network
406,406,edit-zhwikibooks,14125,53881,1.15MB,Authorship network
407,407,escorts,16730,50632,1.16MB,Rating network
408,408,edit-kabwiki,11662,58677,1.16MB,Authorship network
409,409,edit-elwikinews,10982,59782,1.16MB,Authorship network
410,410,edit-bswiktionary,10882,60663,1.17MB,Authorship network
411,411,edit-nawiki,4904,70695,1.19MB,Authorship network
412,412,edit-arwikiversity,18752,50405,1.2MB,Authorship network
413,413,edit-arwikiquote,23375,43758,1.2MB,Authorship network
414,414,edit-cowiktionary,11470,64859,1.25MB,Authorship network
415,415,edit-svwikivoyage,11151,65410,1.25MB,Authorship network
416,416,edit-lezwiki,10197,67119,1.26MB,Authorship network
417,417,edit-ttwiktionary,9149,68723,1.26MB,Authorship network
418,418,edit-hywikiquote,8674,70203,1.27MB,Authorship network
419,419,edit-fawikibooks,16002,59647,1.28MB,Authorship network
420,420,edit-skwikiquote,8005,71775,1.28MB,Authorship network
421,421,edit-cswikiquote,12878,64726,1.28MB,Authorship network
422,422,edit-bgwikiquote,11633,66820,1.29MB,Authorship network
423,423,edit-nlwikisource,19504,55674,1.3MB,Authorship network
424,424,edit-tpiwiki,7452,74091,1.3MB,Authorship network
425,425,edit-lbwiktionary,11811,69000,1.32MB,Authorship network
426,426,edit-aywiki,8649,74029,1.33MB,Authorship network
427,427,edit-xalwiki,10532,71329,1.33MB,Authorship network
428,428,edit-lrcwiki,8945,74313,1.34MB,Authorship network
429,429,edit-ukwikiquote,17478,61669,1.34MB,Authorship network
430,430,edit-cswikiversity,11266,71820,1.35MB,Authorship network
431,431,edit-zhwikivoyage,11867,74980,1.42MB,Authorship network
432,432,edit-cdowiki,26047,54524,1.43MB,Authorship network
433,433,edit-guwikisource,16580,69559,1.44MB,Authorship network
434,434,edit-arcwiki,6846,84862,1.45MB,Authorship network
435,435,edit-nnwiktionary,13925,74531,1.46MB,Authorship network
436,436,edit-arwikinews,25516,58054,1.47MB,Authorship network
437,437,edit-wowiki,5292,88797,1.48MB,Authorship network
438,438,edit-pdcwiki,6592,87558,1.49MB,Authorship network
439,439,edit-kawiktionary,11715,80547,1.5MB,Authorship network
440,440,edit-piwiki,4912,91685,1.51MB,Authorship network
441,441,edit-thwikisource,25654,61174,1.52MB,Authorship network
442,442,edit-cawikiquote,10263,84728,1.53MB,Authorship network
443,443,edit-fiwikibooks,11769,82866,1.53MB,Authorship network
444,444,edit-lvwiktionary,14166,79460,1.54MB,Authorship network
445,445,edit-kkwiktionary,8546,88160,1.54MB,Authorship network
446,446,edit-mwlwiki,10175,85777,1.54MB,Authorship network
447,447,edit-myvwiki,9885,87120,1.56MB,Authorship network
448,448,edit-jawikisource,21208,71279,1.57MB,Authorship network
449,449,edit-ptwikiversity,17579,77059,1.58MB,Authorship network
450,450,movielens-100k_rating,2625,100000,1.59MB,Rating network
451,451,edit-gnwiki,8568,91541,1.59MB,Authorship network
452,452,edit-jawikibooks,21611,72250,1.6MB,Authorship network
453,453,edit-eswikiversity,16270,82011,1.62MB,Authorship network
454,454,edit-arwikibooks,32565,58217,1.63MB,Authorship network
455,455,edit-hewikiquote,12989,87673,1.64MB,Authorship network
456,456,edit-ptwikivoyage,8759,94059,1.64MB,Authorship network
457,457,edit-acewiki,12844,89021,1.65MB,Authorship network
458,458,edit-zeawiki,9240,95290,1.67MB,Authorship network
459,459,edit-pswiktionary,28802,66112,1.67MB,Authorship network
460,460,edit-sdwiki,25887,70629,1.67MB,Authorship network
461,461,edit-jbowiki,6365,100039,1.67MB,Authorship network
462,462,edit-eswikivoyage,11473,93003,1.68MB,Authorship network
463,463,edit-lawikisource,24998,72730,1.68MB,Authorship network
464,464,edit-extwiki,8010,98264,1.68MB,Authorship network
465,465,edit-mrjwiki,15123,88622,1.7MB,Authorship network
466,466,edit-ruewiki,11377,94459,1.7MB,Authorship network
467,467,edit-mswiktionary,9234,98528,1.71MB,Authorship network
468,468,edit-ruwikibooks,16447,88077,1.72MB,Authorship network
469,469,movielens-10m_ui,11610,95580,1.72MB,Interaction network
470,470,edit-udmwiki,11065,96529,1.73MB,Authorship network
471,471,edit-vepwiki,17107,87803,1.73MB,Authorship network
472,472,edit-knwikisource,28603,71811,1.75MB,Authorship network
473,473,edit-novwiki,5108,107509,1.76MB,Authorship network
474,474,edit-fawikivoyage,20349,85549,1.77MB,Authorship network
475,475,opsahl-collaboration,38741,58595,1.78MB,Authorship network
476,476,edit-fiwikisource,15676,93388,1.78MB,Authorship network
477,477,edit-fawikisource,31993,71196,1.82MB,Authorship network
478,478,edit-lnwiki,8637,106315,1.82MB,Authorship network
479,479,edit-elwikisource,23281,84615,1.82MB,Authorship network
480,480,edit-iewiki,6974,109987,1.84MB,Authorship network
481,481,edit-krcwiki,13944,100023,1.85MB,Authorship network
482,482,edit-nlwikivoyage,12679,103017,1.86MB,Authorship network
483,483,librec-ciaodvd-movie_ratings,33736,72665,1.88MB,Rating network
484,484,edit-hakwiki,15890,99585,1.88MB,Authorship network
485,485,edit-stqwiki,10580,109121,1.91MB,Authorship network
486,486,edit-dvwiki,11438,108959,1.92MB,Authorship network
487,487,movielens-10m_ut,20537,95580,1.93MB,Interaction network
488,488,edit-hewikibooks,18548,100052,1.95MB,Authorship network
489,489,edit-sqwiktionary,42932,64908,1.97MB,Authorship network
490,490,edit-trwikiquote,19818,100424,1.99MB,Authorship network
491,491,movielens-10m_ti,24129,95580,2.01MB,Feature network
492,492,edit-tgwiktionary,33968,81516,2.02MB,Authorship network
493,493,edit-kvwiki,12240,114939,2.03MB,Authorship network
494,494,edit-ugwiki,12183,116274,2.05MB,Authorship network
495,495,edit-eowikinews,6031,125544,2.05MB,Authorship network
496,496,marvel,25914,96662,2.07MB,Miscellaneous network
497,497,edit-rowikisource,32494,87102,2.07MB,Authorship network
498,498,edit-ukwikisource,36071,82153,2.08MB,Authorship network
499,499,edit-huwikisource,36229,82236,2.08MB,Authorship network
500,500,edit-rmwiki,9312,124234,2.11MB,Authorship network
501,501,edit-ruwikiversity,22838,104220,2.11MB,Authorship network
502,502,edit-zhwikinews,25842,100229,2.12MB,Authorship network
503,503,edit-emlwiki,28563,97631,2.14MB,Authorship network
504,504,edit-dsbwiki,11708,122987,2.14MB,Authorship network
505,505,edit-bowiki,17244,116737,2.18MB,Authorship network
506,506,edit-skwiktionary,22385,109533,2.18MB,Authorship network
507,507,edit-cawikinews,11942,125869,2.19MB,Authorship network
508,508,edit-swwiktionary,16439,120851,2.22MB,Authorship network
509,509,edit-fawikiquote,25584,108605,2.24MB,Authorship network
510,510,edit-scwiki,13682,127309,2.26MB,Authorship network
511,511,edit-cawikisource,38382,91702,2.28MB,Authorship network
512,512,edit-kmwiktionary,41220,88652,2.3MB,Authorship network
513,513,edit-frrwiki,20137,123282,2.34MB,Authorship network
514,514,edit-roa_tarawiki,18036,126492,2.34MB,Authorship network
515,515,edit-fywiktionary,17503,127908,2.35MB,Authorship network
516,516,edit-slwiktionary,16657,130193,2.37MB,Authorship network
517,517,edit-miwiki,13743,136602,2.4MB,Authorship network
518,518,edit-hewikivoyage,13272,137890,2.41MB,Authorship network
519,519,edit-crhwiki,19970,128264,2.41MB,Authorship network
520,520,edit-sowiki,20387,127958,2.42MB,Authorship network
521,521,edit-xmfwiki,25928,123243,2.47MB,Authorship network
522,522,edit-csbwiki,9613,147841,2.48MB,Authorship network
523,523,edit-itwikiversity,21860,129951,2.48MB,Authorship network
524,524,edit-nvwiki,14833,141787,2.5MB,Authorship network
525,525,edit-furwiki,8444,151824,2.51MB,Authorship network
526,526,edit-lijwiki,14834,142783,2.52MB,Authorship network
527,527,edit-ndswiktionary,33077,115434,2.52MB,Authorship network
528,528,edit-afwiktionary,22147,134781,2.56MB,Authorship network
529,529,edit-fywiki,4551,161936,2.58MB,Authorship network
530,530,edit-brwikisource,44718,101928,2.58MB,Authorship network
531,531,edit-tlwiktionary,26189,130807,2.6MB,Authorship network
532,532,edit-ptwikiquote,30579,124568,2.6MB,Authorship network
533,533,edit-wuuwiki,18033,145064,2.63MB,Authorship network
534,534,edit-jawikinews,26220,132830,2.63MB,Authorship network
535,535,edit-mznwiki,28129,130249,2.63MB,Authorship network
536,536,edit-kwwiki,8623,160255,2.64MB,Authorship network
537,537,edit-fiu_vrowiki,10914,157786,2.66MB,Authorship network
538,538,edit-slwikisource,29080,132041,2.68MB,Authorship network
539,539,edit-bclwiki,13304,156093,2.69MB,Authorship network
540,540,edit-kshwiki,11673,161147,2.73MB,Authorship network
541,541,edit-gomwiki,11657,163422,2.76MB,Authorship network
542,542,edit-frpwiki,7702,169876,2.77MB,Authorship network
543,543,edit-sawikisource,50410,106991,2.79MB,Authorship network
544,544,edit-mhrwiki,22981,151128,2.83MB,Authorship network
545,545,edit-zh_min_nanwiktionary,23748,151552,2.86MB,Authorship network
546,546,edit-kywiktionary,54082,106433,2.86MB,Authorship network
547,547,edit-scnwiktionary,28112,145672,2.87MB,Authorship network
548,548,edit-maiwiki,33865,140034,2.91MB,Authorship network
549,549,edit-kowikisource,35955,138598,2.94MB,Authorship network
550,550,edit-angwiki,16202,168436,2.94MB,Authorship network
551,551,edit-cywiktionary,27506,154093,2.98MB,Authorship network
552,552,edit-plwikibooks,22011,163911,3.0MB,Authorship network
553,553,edit-ladwiki,15044,174807,3.01MB,Authorship network
554,554,edit-cowiki,13948,177084,3.02MB,Authorship network
555,555,edit-pswiki,26094,161969,3.07MB,Authorship network
556,556,edit-aswiki,39264,142592,3.07MB,Authorship network
557,557,edit-tkwiki,13512,186243,3.15MB,Authorship network
558,558,edit-kmwiki,28481,164036,3.15MB,Authorship network
559,559,edit-mlwikisource,43889,142340,3.18MB,Authorship network
560,560,edit-astwiktionary,22048,175134,3.18MB,Authorship network
561,561,edit-jvwiktionary,72179,102036,3.21MB,Authorship network
562,562,edit-nowikisource,61424,120876,3.25MB,Authorship network
563,563,edit-bugwiki,19261,184412,3.25MB,Authorship network
564,564,edit-szlwiki,17240,189325,3.28MB,Authorship network
565,565,edit-nrmwiki,8944,201831,3.28MB,Authorship network
566,566,edit-cswikisource,53415,135389,3.29MB,Authorship network
567,567,edit-mtwiki,16594,190769,3.29MB,Authorship network
568,568,edit-fjwiktionary,32313,170714,3.34MB,Authorship network
569,569,edit-ruwikivoyage,16613,194277,3.34MB,Authorship network
570,570,edit-lawiktionary,30656,177936,3.42MB,Authorship network
571,571,edit-frwikiquote,27896,184257,3.45MB,Authorship network
572,572,edit-azbwiki,44365,160629,3.47MB,Authorship network
573,573,edit-map_bmswiki,28464,185840,3.49MB,Authorship network
574,574,edit-vowiktionary,25457,195457,3.57MB,Authorship network
575,575,edit-hywikisource,57699,149545,3.6MB,Authorship network
576,576,edit-tewikisource,54263,168296,3.81MB,Authorship network
577,577,edit-trwikinews,10072,235204,3.82MB,Authorship network
578,578,edit-wawiktionary,46386,182251,3.84MB,Authorship network
579,579,edit-eswikiquote,35344,202296,3.9MB,Authorship network
580,580,edit-hifwiki,31566,208674,3.91MB,Authorship network
581,581,edit-plwikinews,43407,192332,3.93MB,Authorship network
582,582,edit-nlwikibooks,29946,213603,3.94MB,Authorship network
583,583,edit-ruwikiquote,37740,204682,3.99MB,Authorship network
584,584,edit-fawikinews,17279,241703,4.08MB,Authorship network
585,585,edit-diqwiki,27295,231555,4.16MB,Authorship network
586,586,edit-iswiktionary,27047,236424,4.23MB,Authorship network
587,587,edit-eswikibooks,40141,218263,4.25MB,Authorship network
588,588,edit-hewiktionary,38019,223551,4.28MB,Authorship network
589,589,edit-itwikibooks,30047,238977,4.33MB,Authorship network
590,590,edit-brwiktionary,44388,217681,4.34MB,Authorship network
591,591,edit-ukwiktionary,45588,216084,4.34MB,Authorship network
592,592,edit-hrwiktionary,41101,224685,4.37MB,Authorship network
593,593,edit-sewiki,18055,261169,4.4MB,Authorship network
594,594,edit-nds_nlwiki,18232,262921,4.43MB,Authorship network
595,595,edit-vlswiki,19886,264055,4.48MB,Authorship network
596,596,edit-pamwiki,19529,265279,4.49MB,Authorship network
597,597,edit-mnwiktionary,46998,227450,4.55MB,Authorship network
598,598,edit-gvwiki,18060,281618,4.71MB,Authorship network
599,599,edit-ptwikinews,42449,247874,4.75MB,Authorship network
600,600,edit-orwiktionary,109998,150883,4.82MB,Authorship network
601,601,edit-frwikivoyage,25086,283080,4.89MB,Authorship network
602,602,edit-huwikibooks,63280,247166,5.22MB,Authorship network
603,603,edit-ocwiktionary,45224,275469,5.24MB,Authorship network
604,604,edit-orwiki,59154,256511,5.27MB,Authorship network
605,605,dbpedia-writer,135569,144340,5.31MB,Authorship network
606,606,edit-dawiktionary,50397,276040,5.37MB,Authorship network
607,607,edit-ilowiki,46658,286084,5.43MB,Authorship network
608,608,edit-dewikiquote,24753,323207,5.5MB,Authorship network
609,609,edit-zh_classicalwiki,74548,249971,5.52MB,Authorship network
610,610,edit-bat_smgwiki,28718,319814,5.54MB,Authorship network
611,611,edit-nahwiki,20068,336603,5.6MB,Authorship network
612,612,edit-wawiki,38946,311049,5.64MB,Authorship network
613,613,edit-kywiki,89898,239048,5.71MB,Authorship network
614,614,edit-fowiki,39779,315895,5.73MB,Authorship network
615,615,edit-ptwikisource,98234,229396,5.75MB,Authorship network
616,616,edit-sahwiki,39858,317875,5.76MB,Authorship network
617,617,edit-hsbwiki,32373,331012,5.79MB,Authorship network
618,618,edit-amwiki,45123,314419,5.83MB,Authorship network
619,619,wang-tripadvisor,147075,175765,6.05MB,Rating network
620,620,edit-arwikisource,130274,210895,6.2MB,Authorship network
621,621,edit-azwiktionary,59734,333151,6.45MB,Authorship network
622,622,edit-ganwiki,34354,382174,6.62MB,Authorship network
623,623,edit-svwikisource,92795,303097,6.75MB,Authorship network
624,624,edit-siwiki,66095,343632,6.76MB,Authorship network
625,625,edit-simplewiktionary,33632,400482,6.88MB,Authorship network
626,626,edit-mywiki,74452,344419,6.96MB,Authorship network
627,627,edit-plwikiquote,54021,378978,7.02MB,Authorship network
628,628,edit-itwikivoyage,31501,419474,7.12MB,Authorship network
629,629,edit-sawiki,53467,387592,7.14MB,Authorship network
630,630,edit-ptwikibooks,79341,355008,7.23MB,Authorship network
631,631,youtube-groupmemberships,124325,293360,7.32MB,Affiliation network
632,632,bag-kos,10336,467714,7.37MB,Text network
633,633,edit-liwiki,60713,393573,7.4MB,Authorship network
634,634,dbpedia-producer,187677,207268,7.46MB,Authorship network
635,635,edit-euwiktionary,62637,396614,7.49MB,Authorship network
636,636,edit-pawiki,90005,359766,7.55MB,Authorship network
637,637,edit-frwikibooks,58395,409932,7.59MB,Authorship network
638,638,edit-oswiki,41947,444794,7.75MB,Authorship network
639,639,dbpedia-recordlabel,186758,233286,7.83MB,Affiliation network
640,640,dbpedia-starring,157184,281396,7.89MB,Feature network
641,641,edit-mnwiki,60257,428262,7.91MB,Authorship network
642,642,edit-bhwiki,61119,442118,8.15MB,Authorship network
643,643,edit-yiwiki,41363,474132,8.18MB,Authorship network
644,644,edit-gdwiki,32651,491755,8.25MB,Authorship network
645,645,edit-dewikiversity,82453,422143,8.33MB,Authorship network
646,646,edit-lowiktionary,62549,452686,8.34MB,Authorship network
647,647,edit-guwiki,79543,443632,8.59MB,Authorship network
648,648,edit-yowiki,55100,484122,8.65MB,Authorship network
649,649,edit-iawiki,35162,521965,8.77MB,Authorship network
650,650,edit-pnbwiki,63190,482583,8.81MB,Authorship network
651,651,edit-eswikinews,42623,513672,8.81MB,Authorship network
652,652,edit-napwiki,28033,551457,9.06MB,Authorship network
653,653,edit-vecwiki,35868,540090,9.06MB,Authorship network
654,654,dbpedia-occupation,229307,250945,9.08MB,Affiliation network
655,655,edit-suwiki,68354,507845,9.31MB,Authorship network
656,656,edit-frwikiversity,50559,541214,9.42MB,Authorship network
657,657,dbpedia-location,225498,293697,9.64MB,Feature network
658,658,edit-dewikibooks,77233,528120,9.83MB,Authorship network
659,659,edit-ckbwiki,114218,475887,9.88MB,Authorship network
660,660,edit-eowiktionary,112485,491703,10.08MB,Authorship network
661,661,edit-hiwiktionary,203894,357938,10.13MB,Authorship network
662,662,edit-ruwikinews,118212,491861,10.21MB,Authorship network
663,663,edit-newiki,90238,542716,10.35MB,Authorship network
664,664,edit-quwiki,53539,606625,10.48MB,Authorship network
665,665,edit-kuwiki,61976,597402,10.53MB,Authorship network
666,666,edit-glwiktionary,62438,602781,10.63MB,Authorship network
667,667,edit-cvwiki,70003,591878,10.63MB,Authorship network
668,668,github,177386,440237,10.78MB,Authorship network
669,669,edit-barwiki,94087,576801,10.95MB,Authorship network
670,670,edit-uzwiktionary,153595,497719,11.11MB,Authorship network
671,671,edit-mlwiktionary,137011,530712,11.23MB,Authorship network
672,672,edit-scowiki,169949,487512,11.33MB,Authorship network
673,673,edit-arwiktionary,97909,610765,11.56MB,Authorship network
674,674,edit-alswiki,55065,678457,11.61MB,Authorship network
675,675,edit-scnwiki,59039,681366,11.75MB,Authorship network
676,676,edit-liwiktionary,120876,589486,11.76MB,Authorship network
677,677,edit-htwiki,64801,679189,11.85MB,Authorship network
678,678,edit-dewikinews,61822,686017,11.88MB,Authorship network
679,679,edit-srwiktionary,220994,457733,12.04MB,Authorship network
680,680,edit-frwikinews,63443,703608,12.19MB,Authorship network
681,681,bookcrossing_rating,263757,433652,12.65MB,Rating network
682,682,edit-lmowiki,96949,691256,12.77MB,Authorship network
683,683,edit-bpywiki,59218,751880,12.83MB,Authorship network
684,684,edit-bawiki,114918,673465,12.91MB,Authorship network
685,685,edit-ndswiki,75201,736112,12.95MB,Authorship network
686,686,edit-knwiki,99143,714594,13.17MB,Authorship network
687,687,dbpedia-genre,266717,463497,13.18MB,Feature network
688,688,edit-sawiktionary,263998,500298,13.68MB,Authorship network
689,689,edit-gawiki,71677,789085,13.68MB,Authorship network
690,690,edit-itwikiquote,130834,703139,13.72MB,Authorship network
691,691,edit-arzwiki,149412,699444,14.09MB,Authorship network
692,692,edit-iowiki,43718,863473,14.18MB,Authorship network
693,693,edit-mywiktionary,125132,748234,14.28MB,Authorship network
694,694,komarix-citeseer,286748,512267,14.38MB,Authorship network
695,695,edit-itwikinews,38179,907499,14.72MB,Authorship network
696,696,edit-fawiktionary,153841,735491,14.74MB,Authorship network
697,697,edit-pmswiki,100224,820463,14.81MB,Authorship network
698,698,edit-knwiktionary,267279,586987,15.07MB,Authorship network
699,699,edit-dewikivoyage,77084,874884,15.11MB,Authorship network
700,700,edit-cswiktionary,106001,843327,15.29MB,Authorship network
701,701,movielens-1m,9746,1000209,15.49MB,Rating network
702,702,edit-tgwiki,143873,845441,16.19MB,Authorship network
703,703,edit-chrwiktionary,195678,772131,16.26MB,Authorship network
704,704,edit-mgwiki,220064,750811,16.49MB,Authorship network
705,705,edit-eswikisource,213453,779562,16.78MB,Authorship network
706,706,edit-swwiki,90112,973846,16.92MB,Authorship network
707,707,edit-tawikisource,413526,492375,16.98MB,Authorship network
708,708,edit-astwiki,81704,994558,17.05MB,Authorship network
709,709,edit-newwiki,197437,833293,17.23MB,Authorship network
710,710,edit-tewiktionary,121969,948302,17.26MB,Authorship network
711,711,edit-thwiktionary,163993,887207,17.29MB,Authorship network
712,712,edit-rowiktionary,166854,918811,17.84MB,Authorship network
713,713,edit-idwiktionary,204096,879201,18.09MB,Authorship network
714,714,edit-zh_yuewiki,160909,947552,18.14MB,Authorship network
715,715,edit-hewikisource,324017,733303,18.61MB,Authorship network
716,716,edit-etwiktionary,140902,1026100,18.88MB,Authorship network
717,717,edit-jawiktionary,210706,949700,19.31MB,Authorship network
718,718,edit-nowiktionary,153199,1044919,19.45MB,Authorship network
719,719,edit-jvwiki,135468,1151435,20.67MB,Authorship network
720,720,edit-hywiktionary,218585,1183865,23.07MB,Authorship network
721,721,dbpedia-country,592414,637134,23.28MB,Affiliation network
722,722,edit-cawiktionary,278969,1113834,23.38MB,Authorship network
723,723,edit-enwikiquote,186686,1271653,23.68MB,Authorship network
724,724,gottron-reuters,60234,1464182,23.72MB,Text network
725,725,edit-iswiki,124118,1393848,24.11MB,Authorship network
726,726,edit-afwiki,117392,1460196,24.97MB,Authorship network
727,727,edit-anwiki,107915,1511668,25.54MB,Authorship network
728,728,edit-mrwiki,206373,1396816,26.04MB,Authorship network
729,729,edit-enwikiversity,199910,1407455,26.05MB,Authorship network
730,730,edit-tlwiki,227374,1372133,26.14MB,Authorship network
731,731,edit-bnwikisource,641443,776458,26.53MB,Authorship network
732,732,librec-ciaodvd-review_ratings,92652,1625480,26.92MB,Rating network
733,733,jester2,50832,1728847,27.54MB,Rating network
734,734,edit-sqwiki,197191,1520527,27.71MB,Authorship network
735,735,bookcrossing_full-rating,445801,1149739,27.75MB,Interaction network
736,736,edit-brwiki,128363,1662810,28.31MB,Authorship network
737,737,edit-zhwikisource,569151,1042383,28.93MB,Authorship network
738,738,bag-nips,13875,1932365,29.8MB,Text network
739,739,edit-minwiki,317818,1539666,30.77MB,Authorship network
740,740,edit-be_x_oldwiki,164905,1770298,30.79MB,Authorship network
741,741,edit-lbwiki,114727,1875160,31.24MB,Authorship network
742,742,edit-cewiki,187459,1776311,31.39MB,Authorship network
743,743,lkml_person-thread,379554,1565683,32.58MB,Interaction network
744,744,edit-ocwiki,143371,1927431,32.69MB,Authorship network
745,745,edit-tawiktionary,367883,1623615,33.19MB,Authorship network
746,746,edit-ttwiki,175460,1960260,33.93MB,Authorship network
747,747,actor-movie,511463,1470404,34.14MB,Affiliation network
748,748,stackexchange-stackoverflow,641876,1301942,34.56MB,Rating network
749,749,edit-itwikisource,439571,1654816,35.31MB,Authorship network
750,750,edit-tewiki,232888,1968229,35.36MB,Authorship network
751,751,edit-viwiktionary,246124,1964619,35.61MB,Authorship network
752,752,edit-bgwiktionary,865095,1044978,35.75MB,Authorship network
753,753,edit-plwikisource,581646,1472273,35.78MB,Authorship network
754,754,pics_ut,99157,2298816,37.35MB,Interaction network
755,755,edit-trwiktionary,381017,1882538,37.45MB,Authorship network
756,756,edit-enwikivoyage,180704,2271834,38.8MB,Authorship network
757,757,citeulike-ut,175992,2411819,40.83MB,Interaction network
758,758,edit-tawiki,330121,2191339,40.99MB,Authorship network
759,759,edit-zh_min_nanwiki,660825,1731598,41.55MB,Authorship network
760,760,edit-enwikibooks,328993,2233443,41.61MB,Authorship network
761,761,edit-ltwiktionary,689678,1693277,41.62MB,Authorship network
762,762,edit-uzwiki,619358,1802425,41.68MB,Authorship network
763,763,edit-huwiktionary,388013,2150545,41.7MB,Authorship network
764,764,edit-ptwiktionary,340357,2252790,42.17MB,Authorship network
765,765,dbpedia-team,935627,1366466,42.27MB,Affiliation network
766,766,edit-shwiktionary,916627,1462476,43.3MB,Authorship network
767,767,edit-kuwiktionary,530893,2071885,43.77MB,Authorship network
768,768,bibsonomy-2ut,210467,2555080,43.8MB,Interaction network
769,769,edit-bswiki,363654,2341558,44.05MB,Authorship network
770,770,edit-mlwiki,362166,2349591,44.14MB,Authorship network
771,771,edit-lvwiki,327280,2499933,45.64MB,Authorship network
772,772,edit-iowiktionary,303742,2537593,45.67MB,Authorship network
773,773,pics_ui,512524,2298816,46.81MB,Interaction network
774,774,edit-kkwiki,515572,2304757,46.97MB,Authorship network
775,775,edit-cywiki,208087,2767004,46.98MB,Authorship network
776,776,edit-bewiki,446889,2461702,47.79MB,Authorship network
777,777,pics_ti,577437,2298816,48.29MB,Feature network
778,778,edit-mkwiki,423143,2583957,49.11MB,Authorship network
779,779,digg-votes,142962,3018197,49.33MB,Rating network
780,780,edit-bnwiki,545404,2469893,50.17MB,Authorship network
781,781,edit-nnwiki,328414,2803064,50.29MB,Authorship network
782,782,edit-srwikinews,124174,3129705,50.6MB,Authorship network
783,783,edit-ruwikisource,609903,2434171,51.1MB,Authorship network
784,784,edit-lawiki,256074,2989365,51.48MB,Authorship network
785,785,dbtropes-feature,152093,3232134,52.8MB,Feature network
786,786,edit-urwiki,678976,2499640,53.68MB,Authorship network
787,787,edit-vowiki,251379,3159242,53.96MB,Authorship network
788,788,citeulike-ui,754484,2411819,54.07MB,Interaction network
789,789,edit-dewikisource,447892,2889203,54.34MB,Authorship network
790,790,edit-kawiki,337163,3135173,55.56MB,Authorship network
791,791,edit-svwiktionary,624325,2728074,55.92MB,Authorship network
792,792,edit-itwiktionary,462041,3009010,56.49MB,Authorship network
793,793,bibsonomy-2ui,773241,2555080,56.69MB,Interaction network
794,794,edit-azwiki,338081,3230280,57.03MB,Authorship network
795,795,citeulike-ti,885046,2411819,57.06MB,Feature network
796,796,edit-fiwiktionary,442268,3103726,57.48MB,Authorship network
797,797,edit-kowiktionary,409984,3351194,60.52MB,Authorship network
798,798,edit-hiwiki,699316,2942630,60.91MB,Authorship network
799,799,bibsonomy-2ti,972120,2555080,61.24MB,Feature network
800,800,komarix-imdb,871982,2715604,61.39MB,Affiliation network
801,801,webuni,206350,3869707,63.77MB,Text network
802,802,jester1,73521,4136360,64.8MB,Rating network
803,803,edit-nlwiktionary,658240,3476883,68.12MB,Authorship network
804,804,edit-elwiktionary,481016,3826713,69.4MB,Authorship network
805,805,discogs_lgenre,270786,4147665,69.49MB,Feature network
806,806,edit-glwiki,354254,4106776,70.77MB,Authorship network
807,807,edit-etwiki,424139,4156964,73.14MB,Authorship network
808,808,edit-mswiki,819847,3615962,73.94MB,Authorship network
809,809,edit-hrwiki,496141,4236890,76.01MB,Authorship network
810,810,edit-slwiki,395975,4501672,77.75MB,Authorship network
811,811,edit-ltwiki,447325,4564553,79.89MB,Authorship network
812,812,edit-simplewiki,494139,4581775,81.22MB,Authorship network
813,813,actor2,1199919,3782463,85.18MB,Affiliation network
814,814,discogs_lstyle,244147,5255950,85.79MB,Feature network
815,815,munmun_twitterex_ut,705632,4664605,87.33MB,Interaction network
816,816,edit-eswiktionary,901301,4467056,88.79MB,Authorship network
817,817,edit-elwiki,465768,5286412,91.32MB,Authorship network
818,818,edit-hywiki,767832,4977757,93.53MB,Authorship network
819,819,edit-thwiki,712316,5320770,97.49MB,Authorship network
820,820,bag-enron,67960,6412172,99.4MB,Text network
821,821,edit-skwiki,504318,5788725,99.87MB,Authorship network
822,822,edit-eowiki,542626,5775209,100.54MB,Authorship network
823,823,edit-plwiktionary,615519,5696069,101.0MB,Authorship network
824,824,edit-euwiki,705324,5718362,103.4MB,Authorship network
825,825,wiki-en-cat,2036440,3795796,104.53MB,Feature network
826,826,edit-dewiktionary,725085,5776013,104.73MB,Authorship network
827,827,edit-zhwiktionary,1347094,5276371,111.34MB,Authorship network
828,828,edit-bgwiki,556885,6567352,112.96MB,Authorship network
829,829,edit-enwikinews,2766389,4035910,124.9MB,Authorship network
830,830,gottron-excellent,276739,7846807,126.07MB,Text network
831,831,edit-dawiki,839193,7838041,138.81MB,Authorship network
832,832,flickr-groupmemberships,499610,8545307,141.83MB,Affiliation network
833,833,edit-enwikisource,2210887,6561379,150.72MB,Authorship network
834,834,movielens-10m_rating,80555,10000054,154.43MB,Rating network
835,835,edit-frwikisource,2409110,6523303,154.68MB,Authorship network
836,836,edit-ruwiktionary,1274165,8349235,156.56MB,Authorship network
837,837,edit-warwiki,2877072,6145080,159.62MB,Authorship network
838,838,amazon-ratings,3376972,5838041,166.37MB,Rating network
839,839,edit-rowiki,1798416,9945745,192.92MB,Authorship network
840,840,edit-cswiki,1114389,12998902,223.85MB,Authorship network
841,841,edit-idwiki,2308975,11441391,227.43MB,Authorship network
842,842,epinions-rating,876252,13668320,228.62MB,Rating network
843,843,edit-fiwiki,1225701,13557662,234.93MB,Authorship network
844,844,edit-srwiki,1416821,13611993,240.13MB,Authorship network
845,845,edit-trwiki,1687395,13472951,244.2MB,Authorship network
846,846,edit-kowiki,1614822,14237677,254.21MB,Authorship network
847,847,discogs_affiliation,2025594,14414659,266.31MB,Affiliation network
848,848,edit-nowiki,1340021,15620508,269.02MB,Authorship network
849,849,edit-huwiki,1280637,16945613,287.88MB,Authorship network
850,850,edit-hewiki,991424,17853031,295.11MB,Authorship network
851,851,lastfm_band,175069,19150868,296.23MB,Interaction network
852,852,edit-cawiki,1433726,17396142,298.26MB,Authorship network
853,853,lastfm_song,1085612,19150868,317.07MB,Interaction network
854,854,discogs_genre,1754838,19033891,330.6MB,Feature network
855,855,edit-ukwiki,2219329,18633506,335.12MB,Authorship network
856,856,edit-fawiki,3732366,17908113,358.68MB,Authorship network
857,857,dblp-author,7577304,12282059,360.84MB,Authorship network
858,858,edit-arwiki,3153084,19770083,373.84MB,Authorship network
859,859,discogs_style,1618326,24085580,404.56MB,Feature network
860,860,edit-cebwiki,8486200,15072104,424.22MB,Authorship network
861,861,edit-frwiktionary,3433145,23443737,436.3MB,Authorship network
862,862,edit-mgwiktionary,4064239,22720139,439.7MB,Authorship network
863,863,edit-viwiki,3585652,25286492,467.91MB,Authorship network
864,864,edit-ptwiki,4784188,35846280,656.47MB,Authorship network
865,865,edit-zhwiki,5339125,36369331,677.15MB,Authorship network
866,866,edit-plwiki,2872213,40744770,687.46MB,Authorship network
867,867,edit-jawiki,3570948,41998340,722.58MB,Authorship network
868,868,edit-shwiki,4589850,40578944,724.24MB,Authorship network
869,869,edit-nlwiki,4021196,41592827,726.69MB,Authorship network
870,870,edit-svwiki,7751738,36357003,732.19MB,Authorship network
871,871,edit-enwiktionary,5892253,44788448,818.28MB,Authorship network
872,872,edit-ruwiki,5746517,65690151,1.11GB,Authorship network
873,873,edit-itwiki,5200968,67613396,1.12GB,Authorship network
874,874,edit-eswiki,6888897,67426422,1.16GB,Authorship network
875,875,reuters,1065176,96903520,1.47GB,Text network
876,876,bag-nytimes,401388,99542125,1.49GB,Text network
877,877,livejournal-groupmemberships,10690276,112307385,1.91GB,Affiliation network
878,878,edit-frwiki,9628383,114683619,1.92GB,Authorship network
879,879,edit-dewiki,6935516,129885939,2.09GB,Authorship network
880,880,gottron-trec,1729302,151632178,2.3GB,Text network
881,881,trackers-trackers,40421974,140613762,3.0GB,Hyperlink network
882,882,yahoo-song,1625951,256804235,3.86GB,Rating network
883,883,delicious-ut,5345180,301186579,4.61GB,Interaction network
884,884,orkut-groupmemberships,11514053,327037487,5.13GB,Affiliation network
885,885,delicious-ui,34611302,301186579,5.26GB,Interaction network
886,886,delicious-ti,38289740,301183605,5.34GB,Feature network
887,887,edit-enwiki,50757442,572591272,9.67GB,Authorship network
888,888,bag-pubmed,8341043,737869083,11.18GB,Text network
